<annotation>
	<folder>movie3</folder>
	<filename>movie3_t58_z44.png</filename>
	<path>I:\for NN\Movies\marked_frames\movie3\movie3_t58_z44.png</path>
	<source>
		<database>Unknown</database>
	</source>
	<size>
		<width>256</width>
		<height>64</height>
		<depth>3</depth>
	</size>
	<segmented>0</segmented>
	<object>
		<name>nm</name>
		<pose>Unspecified</pose>
		<truncated>0</truncated>
		<difficult>0</difficult>
		<bndbox>
			<xmin>76</xmin>
			<ymin>24</ymin>
			<xmax>82</xmax>
			<ymax>30</ymax>
		</bndbox>
	</object>
	<object>
		<name>nm</name>
		<pose>Unspecified</pose>
		<truncated>0</truncated>
		<difficult>0</difficult>
		<bndbox>
			<xmin>121</xmin>
			<ymin>28</ymin>
			<xmax>129</xmax>
			<ymax>35</ymax>
		</bndbox>
	</object>
	<object>
		<name>nm</name>
		<pose>Unspecified</pose>
		<truncated>0</truncated>
		<difficult>0</difficult>
		<bndbox>
			<xmin>153</xmin>
			<ymin>34</ymin>
			<xmax>161</xmax>
			<ymax>41</ymax>
		</bndbox>
	</object>
	<object>
		<name>nm</name>
		<pose>Unspecified</pose>
		<truncated>0</truncated>
		<difficult>0</difficult>
		<bndbox>
			<xmin>187</xmin>
			<ymin>38</ymin>
			<xmax>202</xmax>
			<ymax>45</ymax>
		</bndbox>
	</object>
</annotation>
