<annotation>
	<folder>movie3</folder>
	<filename>movie3_t10_z45.png</filename>
	<path>I:\for NN\Movies\marked_frames\movie3\movie3_t10_z45.png</path>
	<source>
		<database>Unknown</database>
	</source>
	<size>
		<width>256</width>
		<height>64</height>
		<depth>3</depth>
	</size>
	<segmented>0</segmented>
	<object>
		<name>nm</name>
		<pose>Unspecified</pose>
		<truncated>0</truncated>
		<difficult>0</difficult>
		<bndbox>
			<xmin>35</xmin>
			<ymin>25</ymin>
			<xmax>44</xmax>
			<ymax>33</ymax>
		</bndbox>
	</object>
	<object>
		<name>nm</name>
		<pose>Unspecified</pose>
		<truncated>0</truncated>
		<difficult>0</difficult>
		<bndbox>
			<xmin>132</xmin>
			<ymin>29</ymin>
			<xmax>141</xmax>
			<ymax>38</ymax>
		</bndbox>
	</object>
</annotation>
