<annotation>
	<folder>movie6</folder>
	<filename>movie6_t17_z11.png</filename>
	<path>I:\for NN\Movies\marked_frames\movie6\movie6_t17_z11.png</path>
	<source>
		<database>Unknown</database>
	</source>
	<size>
		<width>256</width>
		<height>64</height>
		<depth>3</depth>
	</size>
	<segmented>0</segmented>
	<object>
		<name>nm</name>
		<pose>Unspecified</pose>
		<truncated>0</truncated>
		<difficult>0</difficult>
		<bndbox>
			<xmin>161</xmin>
			<ymin>19</ymin>
			<xmax>168</xmax>
			<ymax>27</ymax>
		</bndbox>
	</object>
	<object>
		<name>nm</name>
		<pose>Unspecified</pose>
		<truncated>0</truncated>
		<difficult>0</difficult>
		<bndbox>
			<xmin>201</xmin>
			<ymin>12</ymin>
			<xmax>210</xmax>
			<ymax>18</ymax>
		</bndbox>
	</object>
</annotation>
