<annotation>
	<folder>movie6</folder>
	<filename>movie6_t22_z11.png</filename>
	<path>I:\for NN\Movies\marked_frames\movie6\movie6_t22_z11.png</path>
	<source>
		<database>Unknown</database>
	</source>
	<size>
		<width>256</width>
		<height>64</height>
		<depth>3</depth>
	</size>
	<segmented>0</segmented>
	<object>
		<name>nm</name>
		<pose>Unspecified</pose>
		<truncated>0</truncated>
		<difficult>0</difficult>
		<bndbox>
			<xmin>152</xmin>
			<ymin>21</ymin>
			<xmax>161</xmax>
			<ymax>31</ymax>
		</bndbox>
	</object>
	<object>
		<name>nm</name>
		<pose>Unspecified</pose>
		<truncated>0</truncated>
		<difficult>0</difficult>
		<bndbox>
			<xmin>197</xmin>
			<ymin>13</ymin>
			<xmax>206</xmax>
			<ymax>20</ymax>
		</bndbox>
	</object>
</annotation>
