<annotation>
	<folder>movie5</folder>
	<filename>movie5_t11_z16.png</filename>
	<path>I:\for NN\Movies\marked_frames\movie5\movie5_t11_z16.png</path>
	<source>
		<database>Unknown</database>
	</source>
	<size>
		<width>256</width>
		<height>64</height>
		<depth>3</depth>
	</size>
	<segmented>0</segmented>
	<object>
		<name>nm</name>
		<pose>Unspecified</pose>
		<truncated>0</truncated>
		<difficult>0</difficult>
		<bndbox>
			<xmin>148</xmin>
			<ymin>21</ymin>
			<xmax>157</xmax>
			<ymax>29</ymax>
		</bndbox>
	</object>
</annotation>
