<annotation>
	<folder>movie6</folder>
	<filename>movie6_t17_z10.png</filename>
	<path>I:\for NN\Movies\marked_frames\movie6\movie6_t17_z10.png</path>
	<source>
		<database>Unknown</database>
	</source>
	<size>
		<width>256</width>
		<height>64</height>
		<depth>3</depth>
	</size>
	<segmented>0</segmented>
	<object>
		<name>nm</name>
		<pose>Unspecified</pose>
		<truncated>0</truncated>
		<difficult>0</difficult>
		<bndbox>
			<xmin>126</xmin>
			<ymin>22</ymin>
			<xmax>133</xmax>
			<ymax>28</ymax>
		</bndbox>
	</object>
	<object>
		<name>nm</name>
		<pose>Unspecified</pose>
		<truncated>0</truncated>
		<difficult>0</difficult>
		<bndbox>
			<xmin>161</xmin>
			<ymin>20</ymin>
			<xmax>168</xmax>
			<ymax>28</ymax>
		</bndbox>
	</object>
	<object>
		<name>nm</name>
		<pose>Unspecified</pose>
		<truncated>0</truncated>
		<difficult>0</difficult>
		<bndbox>
			<xmin>200</xmin>
			<ymin>13</ymin>
			<xmax>209</xmax>
			<ymax>17</ymax>
		</bndbox>
	</object>
</annotation>
