<annotation>
	<folder>movie3</folder>
	<filename>movie3_t25_z41.png</filename>
	<path>I:\for NN\Movies\marked_frames\movie3\movie3_t25_z41.png</path>
	<source>
		<database>Unknown</database>
	</source>
	<size>
		<width>256</width>
		<height>64</height>
		<depth>3</depth>
	</size>
	<segmented>0</segmented>
	<object>
		<name>nm</name>
		<pose>Unspecified</pose>
		<truncated>0</truncated>
		<difficult>0</difficult>
		<bndbox>
			<xmin>79</xmin>
			<ymin>24</ymin>
			<xmax>90</xmax>
			<ymax>33</ymax>
		</bndbox>
	</object>
	<object>
		<name>nm</name>
		<pose>Unspecified</pose>
		<truncated>0</truncated>
		<difficult>0</difficult>
		<bndbox>
			<xmin>109</xmin>
			<ymin>25</ymin>
			<xmax>121</xmax>
			<ymax>35</ymax>
		</bndbox>
	</object>
</annotation>
