<annotation>
	<folder>movie3</folder>
	<filename>movie3_t45_z40.png</filename>
	<path>I:\for NN\Movies\marked_frames\movie3\movie3_t45_z40.png</path>
	<source>
		<database>Unknown</database>
	</source>
	<size>
		<width>256</width>
		<height>64</height>
		<depth>3</depth>
	</size>
	<segmented>0</segmented>
	<object>
		<name>nm</name>
		<pose>Unspecified</pose>
		<truncated>0</truncated>
		<difficult>0</difficult>
		<bndbox>
			<xmin>102</xmin>
			<ymin>26</ymin>
			<xmax>112</xmax>
			<ymax>34</ymax>
		</bndbox>
	</object>
	<object>
		<name>nm</name>
		<pose>Unspecified</pose>
		<truncated>0</truncated>
		<difficult>0</difficult>
		<bndbox>
			<xmin>132</xmin>
			<ymin>29</ymin>
			<xmax>141</xmax>
			<ymax>37</ymax>
		</bndbox>
	</object>
</annotation>
