<annotation>
	<folder>movie1</folder>
	<filename>movie1_t103_z-1783.png</filename>
	<path>I:\for NN\Movies\marked_frames\movie1\movie1_t103_z-1783.png</path>
	<source>
		<database>Unknown</database>
	</source>
	<size>
		<width>256</width>
		<height>64</height>
		<depth>3</depth>
	</size>
	<segmented>0</segmented>
	<object>
		<name>nm</name>
		<pose>Unspecified</pose>
		<truncated>0</truncated>
		<difficult>0</difficult>
		<bndbox>
			<xmin>79</xmin>
			<ymin>27</ymin>
			<xmax>86</xmax>
			<ymax>34</ymax>
		</bndbox>
	</object>
	<object>
		<name>nm</name>
		<pose>Unspecified</pose>
		<truncated>0</truncated>
		<difficult>0</difficult>
		<bndbox>
			<xmin>103</xmin>
			<ymin>28</ymin>
			<xmax>111</xmax>
			<ymax>35</ymax>
		</bndbox>
	</object>
	<object>
		<name>nm</name>
		<pose>Unspecified</pose>
		<truncated>0</truncated>
		<difficult>0</difficult>
		<bndbox>
			<xmin>123</xmin>
			<ymin>29</ymin>
			<xmax>131</xmax>
			<ymax>36</ymax>
		</bndbox>
	</object>
	<object>
		<name>nm</name>
		<pose>Unspecified</pose>
		<truncated>0</truncated>
		<difficult>0</difficult>
		<bndbox>
			<xmin>164</xmin>
			<ymin>29</ymin>
			<xmax>173</xmax>
			<ymax>36</ymax>
		</bndbox>
	</object>
</annotation>
