<annotation>
	<folder>movie4</folder>
	<filename>movie4_t26_z14.png</filename>
	<path>I:\for NN\Movies\marked_frames\movie4\movie4_t26_z14.png</path>
	<source>
		<database>Unknown</database>
	</source>
	<size>
		<width>256</width>
		<height>64</height>
		<depth>3</depth>
	</size>
	<segmented>0</segmented>
	<object>
		<name>nm</name>
		<pose>Unspecified</pose>
		<truncated>0</truncated>
		<difficult>0</difficult>
		<bndbox>
			<xmin>69</xmin>
			<ymin>31</ymin>
			<xmax>76</xmax>
			<ymax>37</ymax>
		</bndbox>
	</object>
	<object>
		<name>nm</name>
		<pose>Unspecified</pose>
		<truncated>0</truncated>
		<difficult>0</difficult>
		<bndbox>
			<xmin>95</xmin>
			<ymin>30</ymin>
			<xmax>101</xmax>
			<ymax>36</ymax>
		</bndbox>
	</object>
	<object>
		<name>nm</name>
		<pose>Unspecified</pose>
		<truncated>0</truncated>
		<difficult>0</difficult>
		<bndbox>
			<xmin>121</xmin>
			<ymin>29</ymin>
			<xmax>129</xmax>
			<ymax>37</ymax>
		</bndbox>
	</object>
</annotation>
