<annotation>
	<folder>movie7</folder>
	<filename>movie7_t5_z10.png</filename>
	<path>I:\for NN\Movies\marked_frames\movie7\movie7_t5_z10.png</path>
	<source>
		<database>Unknown</database>
	</source>
	<size>
		<width>256</width>
		<height>64</height>
		<depth>3</depth>
	</size>
	<segmented>0</segmented>
	<object>
		<name>nm</name>
		<pose>Unspecified</pose>
		<truncated>0</truncated>
		<difficult>0</difficult>
		<bndbox>
			<xmin>138</xmin>
			<ymin>33</ymin>
			<xmax>146</xmax>
			<ymax>40</ymax>
		</bndbox>
	</object>
</annotation>
