<annotation>
	<folder>movie2</folder>
	<filename>movie2_t28_z40.png</filename>
	<path>I:\for NN\Movies\marked_frames\movie2\movie2_t28_z40.png</path>
	<source>
		<database>Unknown</database>
	</source>
	<size>
		<width>256</width>
		<height>64</height>
		<depth>3</depth>
	</size>
	<segmented>0</segmented>
	<object>
		<name>nm</name>
		<pose>Unspecified</pose>
		<truncated>0</truncated>
		<difficult>0</difficult>
		<bndbox>
			<xmin>86</xmin>
			<ymin>26</ymin>
			<xmax>95</xmax>
			<ymax>35</ymax>
		</bndbox>
	</object>
	<object>
		<name>nm</name>
		<pose>Unspecified</pose>
		<truncated>0</truncated>
		<difficult>0</difficult>
		<bndbox>
			<xmin>120</xmin>
			<ymin>27</ymin>
			<xmax>130</xmax>
			<ymax>36</ymax>
		</bndbox>
	</object>
</annotation>
