<annotation>
	<folder>movie7</folder>
	<filename>movie7_t23_z9.png</filename>
	<path>I:\for NN\Movies\marked_frames\movie7\movie7_t23_z9.png</path>
	<source>
		<database>Unknown</database>
	</source>
	<size>
		<width>256</width>
		<height>64</height>
		<depth>3</depth>
	</size>
	<segmented>0</segmented>
	<object>
		<name>nm</name>
		<pose>Unspecified</pose>
		<truncated>0</truncated>
		<difficult>0</difficult>
		<bndbox>
			<xmin>98</xmin>
			<ymin>29</ymin>
			<xmax>106</xmax>
			<ymax>37</ymax>
		</bndbox>
	</object>
	<object>
		<name>nm</name>
		<pose>Unspecified</pose>
		<truncated>0</truncated>
		<difficult>0</difficult>
		<bndbox>
			<xmin>144</xmin>
			<ymin>35</ymin>
			<xmax>153</xmax>
			<ymax>43</ymax>
		</bndbox>
	</object>
	<object>
		<name>nm</name>
		<pose>Unspecified</pose>
		<truncated>0</truncated>
		<difficult>0</difficult>
		<bndbox>
			<xmin>199</xmin>
			<ymin>42</ymin>
			<xmax>209</xmax>
			<ymax>51</ymax>
		</bndbox>
	</object>
</annotation>
