<annotation>
	<folder>movie1</folder>
	<filename>movie1_t54_z18.png</filename>
	<path>I:\for NN\Movies\marked_frames\movie1\movie1_t54_z18.png</path>
	<source>
		<database>Unknown</database>
	</source>
	<size>
		<width>256</width>
		<height>64</height>
		<depth>3</depth>
	</size>
	<segmented>0</segmented>
	<object>
		<name>nm</name>
		<pose>Unspecified</pose>
		<truncated>0</truncated>
		<difficult>0</difficult>
		<bndbox>
			<xmin>111</xmin>
			<ymin>24</ymin>
			<xmax>120</xmax>
			<ymax>34</ymax>
		</bndbox>
	</object>
	<object>
		<name>nm</name>
		<pose>Unspecified</pose>
		<truncated>0</truncated>
		<difficult>0</difficult>
		<bndbox>
			<xmin>124</xmin>
			<ymin>25</ymin>
			<xmax>130</xmax>
			<ymax>34</ymax>
		</bndbox>
	</object>
</annotation>
