<annotation>
	<folder>movie6</folder>
	<filename>movie6_t1_z9.png</filename>
	<path>I:\for NN\Movies\marked_frames\movie6\movie6_t1_z9.png</path>
	<source>
		<database>Unknown</database>
	</source>
	<size>
		<width>256</width>
		<height>64</height>
		<depth>3</depth>
	</size>
	<segmented>0</segmented>
	<object>
		<name>nm</name>
		<pose>Unspecified</pose>
		<truncated>0</truncated>
		<difficult>0</difficult>
		<bndbox>
			<xmin>158</xmin>
			<ymin>18</ymin>
			<xmax>167</xmax>
			<ymax>26</ymax>
		</bndbox>
	</object>
	<object>
		<name>nm</name>
		<pose>Unspecified</pose>
		<truncated>0</truncated>
		<difficult>0</difficult>
		<bndbox>
			<xmin>186</xmin>
			<ymin>16</ymin>
			<xmax>194</xmax>
			<ymax>23</ymax>
		</bndbox>
	</object>
	<object>
		<name>nm</name>
		<pose>Unspecified</pose>
		<truncated>0</truncated>
		<difficult>0</difficult>
		<bndbox>
			<xmin>221</xmin>
			<ymin>8</ymin>
			<xmax>229</xmax>
			<ymax>15</ymax>
		</bndbox>
	</object>
</annotation>
