<annotation>
	<folder>movie6</folder>
	<filename>movie6_t4_z10.png</filename>
	<path>I:\for NN\Movies\marked_frames\movie6\movie6_t4_z10.png</path>
	<source>
		<database>Unknown</database>
	</source>
	<size>
		<width>256</width>
		<height>64</height>
		<depth>3</depth>
	</size>
	<segmented>0</segmented>
	<object>
		<name>nm</name>
		<pose>Unspecified</pose>
		<truncated>0</truncated>
		<difficult>0</difficult>
		<bndbox>
			<xmin>181</xmin>
			<ymin>16</ymin>
			<xmax>192</xmax>
			<ymax>25</ymax>
		</bndbox>
	</object>
	<object>
		<name>nm</name>
		<pose>Unspecified</pose>
		<truncated>0</truncated>
		<difficult>0</difficult>
		<bndbox>
			<xmin>217</xmin>
			<ymin>8</ymin>
			<xmax>226</xmax>
			<ymax>16</ymax>
		</bndbox>
	</object>
</annotation>
