<annotation>
	<folder>movie3</folder>
	<filename>movie3_t10_z43.png</filename>
	<path>I:\for NN\Movies\marked_frames\movie3\movie3_t10_z43.png</path>
	<source>
		<database>Unknown</database>
	</source>
	<size>
		<width>256</width>
		<height>64</height>
		<depth>3</depth>
	</size>
	<segmented>0</segmented>
	<object>
		<name>nm</name>
		<pose>Unspecified</pose>
		<truncated>0</truncated>
		<difficult>0</difficult>
		<bndbox>
			<xmin>34</xmin>
			<ymin>25</ymin>
			<xmax>45</xmax>
			<ymax>35</ymax>
		</bndbox>
	</object>
	<object>
		<name>nm</name>
		<pose>Unspecified</pose>
		<truncated>0</truncated>
		<difficult>0</difficult>
		<bndbox>
			<xmin>70</xmin>
			<ymin>24</ymin>
			<xmax>79</xmax>
			<ymax>34</ymax>
		</bndbox>
	</object>
	<object>
		<name>nm</name>
		<pose>Unspecified</pose>
		<truncated>0</truncated>
		<difficult>0</difficult>
		<bndbox>
			<xmin>121</xmin>
			<ymin>28</ymin>
			<xmax>138</xmax>
			<ymax>37</ymax>
		</bndbox>
	</object>
</annotation>
