<annotation>
	<folder>movie1</folder>
	<filename>movie1_t61_z-1785.png</filename>
	<path>I:\for NN\Movies\marked_frames\movie1\movie1_t61_z-1785.png</path>
	<source>
		<database>Unknown</database>
	</source>
	<size>
		<width>256</width>
		<height>64</height>
		<depth>3</depth>
	</size>
	<segmented>0</segmented>
	<object>
		<name>nm</name>
		<pose>Unspecified</pose>
		<truncated>0</truncated>
		<difficult>0</difficult>
		<bndbox>
			<xmin>208</xmin>
			<ymin>29</ymin>
			<xmax>216</xmax>
			<ymax>37</ymax>
		</bndbox>
	</object>
</annotation>
