<annotation>
	<folder>movie6</folder>
	<filename>movie6_t8_z10.png</filename>
	<path>I:\for NN\Movies\marked_frames\movie6\movie6_t8_z10.png</path>
	<source>
		<database>Unknown</database>
	</source>
	<size>
		<width>256</width>
		<height>64</height>
		<depth>3</depth>
	</size>
	<segmented>0</segmented>
	<object>
		<name>nm</name>
		<pose>Unspecified</pose>
		<truncated>0</truncated>
		<difficult>0</difficult>
		<bndbox>
			<xmin>143</xmin>
			<ymin>19</ymin>
			<xmax>151</xmax>
			<ymax>26</ymax>
		</bndbox>
	</object>
	<object>
		<name>nm</name>
		<pose>Unspecified</pose>
		<truncated>0</truncated>
		<difficult>0</difficult>
		<bndbox>
			<xmin>177</xmin>
			<ymin>17</ymin>
			<xmax>186</xmax>
			<ymax>26</ymax>
		</bndbox>
	</object>
	<object>
		<name>nm</name>
		<pose>Unspecified</pose>
		<truncated>0</truncated>
		<difficult>0</difficult>
		<bndbox>
			<xmin>213</xmin>
			<ymin>10</ymin>
			<xmax>221</xmax>
			<ymax>17</ymax>
		</bndbox>
	</object>
</annotation>
