<annotation>
	<folder>movie6</folder>
	<filename>movie6_t35_z7.png</filename>
	<path>I:\for NN\Movies\marked_frames\movie6\movie6_t35_z7.png</path>
	<source>
		<database>Unknown</database>
	</source>
	<size>
		<width>256</width>
		<height>64</height>
		<depth>3</depth>
	</size>
	<segmented>0</segmented>
	<object>
		<name>nm</name>
		<pose>Unspecified</pose>
		<truncated>0</truncated>
		<difficult>0</difficult>
		<bndbox>
			<xmin>100</xmin>
			<ymin>26</ymin>
			<xmax>108</xmax>
			<ymax>33</ymax>
		</bndbox>
	</object>
	<object>
		<name>nm</name>
		<pose>Unspecified</pose>
		<truncated>0</truncated>
		<difficult>0</difficult>
		<bndbox>
			<xmin>77</xmin>
			<ymin>30</ymin>
			<xmax>86</xmax>
			<ymax>38</ymax>
		</bndbox>
	</object>
</annotation>
