<annotation>
	<folder>movie6</folder>
	<filename>movie6_t17_z12.png</filename>
	<path>I:\for NN\Movies\marked_frames\movie6\movie6_t17_z12.png</path>
	<source>
		<database>Unknown</database>
	</source>
	<size>
		<width>256</width>
		<height>64</height>
		<depth>3</depth>
	</size>
	<segmented>0</segmented>
	<object>
		<name>nm</name>
		<pose>Unspecified</pose>
		<truncated>0</truncated>
		<difficult>0</difficult>
		<bndbox>
			<xmin>161</xmin>
			<ymin>18</ymin>
			<xmax>171</xmax>
			<ymax>26</ymax>
		</bndbox>
	</object>
	<object>
		<name>nm</name>
		<pose>Unspecified</pose>
		<truncated>0</truncated>
		<difficult>0</difficult>
		<bndbox>
			<xmin>199</xmin>
			<ymin>10</ymin>
			<xmax>212</xmax>
			<ymax>18</ymax>
		</bndbox>
	</object>
</annotation>
