<annotation>
	<folder>movie6</folder>
	<filename>movie6_t17_z8.png</filename>
	<path>I:\for NN\Movies\marked_frames\movie6\movie6_t17_z8.png</path>
	<source>
		<database>Unknown</database>
	</source>
	<size>
		<width>256</width>
		<height>64</height>
		<depth>3</depth>
	</size>
	<segmented>0</segmented>
	<object>
		<name>nm</name>
		<pose>Unspecified</pose>
		<truncated>0</truncated>
		<difficult>0</difficult>
		<bndbox>
			<xmin>125</xmin>
			<ymin>21</ymin>
			<xmax>135</xmax>
			<ymax>31</ymax>
		</bndbox>
	</object>
	<object>
		<name>nm</name>
		<pose>Unspecified</pose>
		<truncated>0</truncated>
		<difficult>0</difficult>
		<bndbox>
			<xmin>160</xmin>
			<ymin>19</ymin>
			<xmax>170</xmax>
			<ymax>29</ymax>
		</bndbox>
	</object>
</annotation>
