<annotation>
	<folder>movie1</folder>
	<filename>movie1_t11_z7.png</filename>
	<path>I:\for NN\Movies\marked_frames\movie1\movie1_t11_z7.png</path>
	<source>
		<database>Unknown</database>
	</source>
	<size>
		<width>256</width>
		<height>64</height>
		<depth>3</depth>
	</size>
	<segmented>0</segmented>
	<object>
		<name>nm</name>
		<pose>Unspecified</pose>
		<truncated>0</truncated>
		<difficult>0</difficult>
		<bndbox>
			<xmin>194</xmin>
			<ymin>27</ymin>
			<xmax>202</xmax>
			<ymax>35</ymax>
		</bndbox>
	</object>
</annotation>
