<annotation>
	<folder>movie3</folder>
	<filename>movie3_t30_z45.png</filename>
	<path>I:\for NN\Movies\marked_frames\movie3\movie3_t30_z45.png</path>
	<source>
		<database>Unknown</database>
	</source>
	<size>
		<width>256</width>
		<height>64</height>
		<depth>3</depth>
	</size>
	<segmented>0</segmented>
	<object>
		<name>nm</name>
		<pose>Unspecified</pose>
		<truncated>0</truncated>
		<difficult>0</difficult>
		<bndbox>
			<xmin>49</xmin>
			<ymin>25</ymin>
			<xmax>57</xmax>
			<ymax>32</ymax>
		</bndbox>
	</object>
	<object>
		<name>nm</name>
		<pose>Unspecified</pose>
		<truncated>0</truncated>
		<difficult>0</difficult>
		<bndbox>
			<xmin>84</xmin>
			<ymin>25</ymin>
			<xmax>92</xmax>
			<ymax>32</ymax>
		</bndbox>
	</object>
	<object>
		<name>nm</name>
		<pose>Unspecified</pose>
		<truncated>0</truncated>
		<difficult>0</difficult>
		<bndbox>
			<xmin>144</xmin>
			<ymin>33</ymin>
			<xmax>161</xmax>
			<ymax>44</ymax>
		</bndbox>
	</object>
</annotation>
