<annotation>
	<folder>movie5</folder>
	<filename>movie5_t29_z6.png</filename>
	<path>I:\for NN\Movies\marked_frames\movie5\movie5_t29_z6.png</path>
	<source>
		<database>Unknown</database>
	</source>
	<size>
		<width>256</width>
		<height>64</height>
		<depth>3</depth>
	</size>
	<segmented>0</segmented>
	<object>
		<name>nm</name>
		<pose>Unspecified</pose>
		<truncated>0</truncated>
		<difficult>0</difficult>
		<bndbox>
			<xmin>65</xmin>
			<ymin>46</ymin>
			<xmax>72</xmax>
			<ymax>54</ymax>
		</bndbox>
	</object>
</annotation>
