<annotation>
	<folder>movie6</folder>
	<filename>movie6_t1_z8.png</filename>
	<path>I:\for NN\Movies\marked_frames\movie6\movie6_t1_z8.png</path>
	<source>
		<database>Unknown</database>
	</source>
	<size>
		<width>256</width>
		<height>64</height>
		<depth>3</depth>
	</size>
	<segmented>0</segmented>
	<object>
		<name>nm</name>
		<pose>Unspecified</pose>
		<truncated>0</truncated>
		<difficult>0</difficult>
		<bndbox>
			<xmin>159</xmin>
			<ymin>18</ymin>
			<xmax>168</xmax>
			<ymax>27</ymax>
		</bndbox>
	</object>
	<object>
		<name>nm</name>
		<pose>Unspecified</pose>
		<truncated>0</truncated>
		<difficult>0</difficult>
		<bndbox>
			<xmin>183</xmin>
			<ymin>15</ymin>
			<xmax>193</xmax>
			<ymax>24</ymax>
		</bndbox>
	</object>
	<object>
		<name>nm</name>
		<pose>Unspecified</pose>
		<truncated>0</truncated>
		<difficult>0</difficult>
		<bndbox>
			<xmin>221</xmin>
			<ymin>7</ymin>
			<xmax>228</xmax>
			<ymax>15</ymax>
		</bndbox>
	</object>
</annotation>
