<annotation>
	<folder>movie2</folder>
	<filename>movie2_t63_z43.png</filename>
	<path>I:\for NN\Movies\marked_frames\movie2\movie2_t63_z43.png</path>
	<source>
		<database>Unknown</database>
	</source>
	<size>
		<width>256</width>
		<height>64</height>
		<depth>3</depth>
	</size>
	<segmented>0</segmented>
	<object>
		<name>nm</name>
		<pose>Unspecified</pose>
		<truncated>0</truncated>
		<difficult>0</difficult>
		<bndbox>
			<xmin>167</xmin>
			<ymin>19</ymin>
			<xmax>176</xmax>
			<ymax>29</ymax>
		</bndbox>
	</object>
	<object>
		<name>nm</name>
		<pose>Unspecified</pose>
		<truncated>0</truncated>
		<difficult>0</difficult>
		<bndbox>
			<xmin>184</xmin>
			<ymin>19</ymin>
			<xmax>193</xmax>
			<ymax>28</ymax>
		</bndbox>
	</object>
</annotation>
