<annotation>
	<folder>movie2</folder>
	<filename>movie2_t33_z44.png</filename>
	<path>I:\for NN\Movies\marked_frames\movie2\movie2_t33_z44.png</path>
	<source>
		<database>Unknown</database>
	</source>
	<size>
		<width>256</width>
		<height>64</height>
		<depth>3</depth>
	</size>
	<segmented>0</segmented>
	<object>
		<name>nm</name>
		<pose>Unspecified</pose>
		<truncated>0</truncated>
		<difficult>0</difficult>
		<bndbox>
			<xmin>148</xmin>
			<ymin>23</ymin>
			<xmax>159</xmax>
			<ymax>34</ymax>
		</bndbox>
	</object>
	<object>
		<name>nm</name>
		<pose>Unspecified</pose>
		<truncated>0</truncated>
		<difficult>0</difficult>
		<bndbox>
			<xmin>169</xmin>
			<ymin>24</ymin>
			<xmax>179</xmax>
			<ymax>33</ymax>
		</bndbox>
	</object>
</annotation>
