<annotation>
	<folder>movie7</folder>
	<filename>movie7_t9_z10.png</filename>
	<path>I:\for NN\Movies\marked_frames\movie7\movie7_t9_z10.png</path>
	<source>
		<database>Unknown</database>
	</source>
	<size>
		<width>256</width>
		<height>64</height>
		<depth>3</depth>
	</size>
	<segmented>0</segmented>
	<object>
		<name>nm</name>
		<pose>Unspecified</pose>
		<truncated>0</truncated>
		<difficult>0</difficult>
		<bndbox>
			<xmin>129</xmin>
			<ymin>32</ymin>
			<xmax>138</xmax>
			<ymax>41</ymax>
		</bndbox>
	</object>
	<object>
		<name>nm</name>
		<pose>Unspecified</pose>
		<truncated>0</truncated>
		<difficult>0</difficult>
		<bndbox>
			<xmin>166</xmin>
			<ymin>37</ymin>
			<xmax>175</xmax>
			<ymax>44</ymax>
		</bndbox>
	</object>
	<object>
		<name>nm</name>
		<pose>Unspecified</pose>
		<truncated>0</truncated>
		<difficult>0</difficult>
		<bndbox>
			<xmin>211</xmin>
			<ymin>43</ymin>
			<xmax>220</xmax>
			<ymax>51</ymax>
		</bndbox>
	</object>
</annotation>
