<annotation>
	<folder>movie2</folder>
	<filename>movie2_t1_z41.png</filename>
	<path>I:\for NN\Movies\marked_frames\movie2\movie2_t1_z41.png</path>
	<source>
		<database>Unknown</database>
	</source>
	<size>
		<width>256</width>
		<height>64</height>
		<depth>3</depth>
	</size>
	<segmented>0</segmented>
	<object>
		<name>nm</name>
		<pose>Unspecified</pose>
		<truncated>0</truncated>
		<difficult>0</difficult>
		<bndbox>
			<xmin>76</xmin>
			<ymin>29</ymin>
			<xmax>83</xmax>
			<ymax>35</ymax>
		</bndbox>
	</object>
	<object>
		<name>nm</name>
		<pose>Unspecified</pose>
		<truncated>0</truncated>
		<difficult>0</difficult>
		<bndbox>
			<xmin>106</xmin>
			<ymin>24</ymin>
			<xmax>117</xmax>
			<ymax>34</ymax>
		</bndbox>
	</object>
	<object>
		<name>nm</name>
		<pose>Unspecified</pose>
		<truncated>0</truncated>
		<difficult>0</difficult>
		<bndbox>
			<xmin>129</xmin>
			<ymin>27</ymin>
			<xmax>138</xmax>
			<ymax>36</ymax>
		</bndbox>
	</object>
</annotation>
