<annotation>
	<folder>movie1</folder>
	<filename>movie1_t97_z-1781.png</filename>
	<path>I:\for NN\Movies\marked_frames\movie1\movie1_t97_z-1781.png</path>
	<source>
		<database>Unknown</database>
	</source>
	<size>
		<width>256</width>
		<height>64</height>
		<depth>3</depth>
	</size>
	<segmented>0</segmented>
	<object>
		<name>nm</name>
		<pose>Unspecified</pose>
		<truncated>0</truncated>
		<difficult>0</difficult>
		<bndbox>
			<xmin>88</xmin>
			<ymin>29</ymin>
			<xmax>95</xmax>
			<ymax>36</ymax>
		</bndbox>
	</object>
	<object>
		<name>nm</name>
		<pose>Unspecified</pose>
		<truncated>0</truncated>
		<difficult>0</difficult>
		<bndbox>
			<xmin>170</xmin>
			<ymin>28</ymin>
			<xmax>178</xmax>
			<ymax>34</ymax>
		</bndbox>
	</object>
</annotation>
