<annotation>
	<folder>movie7</folder>
	<filename>movie7_t5_z11.png</filename>
	<path>I:\for NN\Movies\marked_frames\movie7\movie7_t5_z11.png</path>
	<source>
		<database>Unknown</database>
	</source>
	<size>
		<width>256</width>
		<height>64</height>
		<depth>3</depth>
	</size>
	<segmented>0</segmented>
	<object>
		<name>nm</name>
		<pose>Unspecified</pose>
		<truncated>0</truncated>
		<difficult>0</difficult>
		<bndbox>
			<xmin>139</xmin>
			<ymin>32</ymin>
			<xmax>147</xmax>
			<ymax>41</ymax>
		</bndbox>
	</object>
	<object>
		<name>nm</name>
		<pose>Unspecified</pose>
		<truncated>0</truncated>
		<difficult>0</difficult>
		<bndbox>
			<xmin>216</xmin>
			<ymin>44</ymin>
			<xmax>226</xmax>
			<ymax>52</ymax>
		</bndbox>
	</object>
</annotation>
