<annotation>
	<folder>movie4</folder>
	<filename>movie4_t31_z14.png</filename>
	<path>I:\for NN\Movies\marked_frames\movie4\movie4_t31_z14.png</path>
	<source>
		<database>Unknown</database>
	</source>
	<size>
		<width>256</width>
		<height>64</height>
		<depth>3</depth>
	</size>
	<segmented>0</segmented>
	<object>
		<name>nm</name>
		<pose>Unspecified</pose>
		<truncated>0</truncated>
		<difficult>0</difficult>
		<bndbox>
			<xmin>76</xmin>
			<ymin>29</ymin>
			<xmax>84</xmax>
			<ymax>37</ymax>
		</bndbox>
	</object>
	<object>
		<name>nm</name>
		<pose>Unspecified</pose>
		<truncated>0</truncated>
		<difficult>0</difficult>
		<bndbox>
			<xmin>101</xmin>
			<ymin>28</ymin>
			<xmax>109</xmax>
			<ymax>36</ymax>
		</bndbox>
	</object>
	<object>
		<name>nm</name>
		<pose>Unspecified</pose>
		<truncated>0</truncated>
		<difficult>0</difficult>
		<bndbox>
			<xmin>127</xmin>
			<ymin>30</ymin>
			<xmax>135</xmax>
			<ymax>39</ymax>
		</bndbox>
	</object>
	<object>
		<name>nm</name>
		<pose>Unspecified</pose>
		<truncated>0</truncated>
		<difficult>0</difficult>
		<bndbox>
			<xmin>155</xmin>
			<ymin>30</ymin>
			<xmax>164</xmax>
			<ymax>38</ymax>
		</bndbox>
	</object>
</annotation>
