<annotation>
	<folder>movie2</folder>
	<filename>movie2_t46_z41.png</filename>
	<path>I:\for NN\Movies\marked_frames\movie2\movie2_t46_z41.png</path>
	<source>
		<database>Unknown</database>
	</source>
	<size>
		<width>256</width>
		<height>64</height>
		<depth>3</depth>
	</size>
	<segmented>0</segmented>
	<object>
		<name>nm</name>
		<pose>Unspecified</pose>
		<truncated>0</truncated>
		<difficult>0</difficult>
		<bndbox>
			<xmin>128</xmin>
			<ymin>22</ymin>
			<xmax>138</xmax>
			<ymax>32</ymax>
		</bndbox>
	</object>
	<object>
		<name>nm</name>
		<pose>Unspecified</pose>
		<truncated>0</truncated>
		<difficult>0</difficult>
		<bndbox>
			<xmin>158</xmin>
			<ymin>23</ymin>
			<xmax>167</xmax>
			<ymax>30</ymax>
		</bndbox>
	</object>
</annotation>
