<annotation>
	<folder>movie3</folder>
	<filename>movie3_t25_z40.png</filename>
	<path>I:\for NN\Movies\marked_frames\movie3\movie3_t25_z40.png</path>
	<source>
		<database>Unknown</database>
	</source>
	<size>
		<width>256</width>
		<height>64</height>
		<depth>3</depth>
	</size>
	<segmented>0</segmented>
	<object>
		<name>nm</name>
		<pose>Unspecified</pose>
		<truncated>0</truncated>
		<difficult>0</difficult>
		<bndbox>
			<xmin>108</xmin>
			<ymin>25</ymin>
			<xmax>120</xmax>
			<ymax>36</ymax>
		</bndbox>
	</object>
</annotation>
