<annotation>
	<folder>movie3</folder>
	<filename>movie3_t35_z42.png</filename>
	<path>I:\for NN\Movies\marked_frames\movie3\movie3_t35_z42.png</path>
	<source>
		<database>Unknown</database>
	</source>
	<size>
		<width>256</width>
		<height>64</height>
		<depth>3</depth>
	</size>
	<segmented>0</segmented>
	<object>
		<name>nm</name>
		<pose>Unspecified</pose>
		<truncated>0</truncated>
		<difficult>0</difficult>
		<bndbox>
			<xmin>55</xmin>
			<ymin>24</ymin>
			<xmax>62</xmax>
			<ymax>31</ymax>
		</bndbox>
	</object>
	<object>
		<name>nm</name>
		<pose>Unspecified</pose>
		<truncated>0</truncated>
		<difficult>0</difficult>
		<bndbox>
			<xmin>92</xmin>
			<ymin>25</ymin>
			<xmax>99</xmax>
			<ymax>33</ymax>
		</bndbox>
	</object>
	<object>
		<name>nm</name>
		<pose>Unspecified</pose>
		<truncated>0</truncated>
		<difficult>0</difficult>
		<bndbox>
			<xmin>122</xmin>
			<ymin>29</ymin>
			<xmax>129</xmax>
			<ymax>35</ymax>
		</bndbox>
	</object>
	<object>
		<name>nm</name>
		<pose>Unspecified</pose>
		<truncated>0</truncated>
		<difficult>0</difficult>
		<bndbox>
			<xmin>150</xmin>
			<ymin>34</ymin>
			<xmax>160</xmax>
			<ymax>41</ymax>
		</bndbox>
	</object>
</annotation>
