<annotation>
	<folder>movie7</folder>
	<filename>movie7_t19_z9.png</filename>
	<path>I:\for NN\Movies\marked_frames\movie7\movie7_t19_z9.png</path>
	<source>
		<database>Unknown</database>
	</source>
	<size>
		<width>256</width>
		<height>64</height>
		<depth>3</depth>
	</size>
	<segmented>0</segmented>
	<object>
		<name>nm</name>
		<pose>Unspecified</pose>
		<truncated>0</truncated>
		<difficult>0</difficult>
		<bndbox>
			<xmin>109</xmin>
			<ymin>30</ymin>
			<xmax>116</xmax>
			<ymax>37</ymax>
		</bndbox>
	</object>
	<object>
		<name>nm</name>
		<pose>Unspecified</pose>
		<truncated>0</truncated>
		<difficult>0</difficult>
		<bndbox>
			<xmin>148</xmin>
			<ymin>35</ymin>
			<xmax>159</xmax>
			<ymax>44</ymax>
		</bndbox>
	</object>
</annotation>
