<annotation>
	<folder>movie7</folder>
	<filename>movie7_t27_z10.png</filename>
	<path>I:\for NN\Movies\marked_frames\movie7\movie7_t27_z10.png</path>
	<source>
		<database>Unknown</database>
	</source>
	<size>
		<width>256</width>
		<height>64</height>
		<depth>3</depth>
	</size>
	<segmented>0</segmented>
	<object>
		<name>nm</name>
		<pose>Unspecified</pose>
		<truncated>0</truncated>
		<difficult>0</difficult>
		<bndbox>
			<xmin>91</xmin>
			<ymin>27</ymin>
			<xmax>99</xmax>
			<ymax>37</ymax>
		</bndbox>
	</object>
	<object>
		<name>nm</name>
		<pose>Unspecified</pose>
		<truncated>0</truncated>
		<difficult>0</difficult>
		<bndbox>
			<xmin>134</xmin>
			<ymin>35</ymin>
			<xmax>149</xmax>
			<ymax>44</ymax>
		</bndbox>
	</object>
</annotation>
