<annotation>
	<folder>movie3</folder>
	<filename>movie3_t0_z42.png</filename>
	<path>I:\for NN\Movies\marked_frames\movie3\movie3_t0_z42.png</path>
	<source>
		<database>Unknown</database>
	</source>
	<size>
		<width>256</width>
		<height>64</height>
		<depth>3</depth>
	</size>
	<segmented>0</segmented>
	<object>
		<name>nm</name>
		<pose>Unspecified</pose>
		<truncated>0</truncated>
		<difficult>0</difficult>
		<bndbox>
			<xmin>58</xmin>
			<ymin>23</ymin>
			<xmax>68</xmax>
			<ymax>32</ymax>
		</bndbox>
	</object>
	<object>
		<name>nm</name>
		<pose>Unspecified</pose>
		<truncated>0</truncated>
		<difficult>0</difficult>
		<bndbox>
			<xmin>112</xmin>
			<ymin>28</ymin>
			<xmax>127</xmax>
			<ymax>38</ymax>
		</bndbox>
	</object>
</annotation>
