<annotation>
	<folder>movie1</folder>
	<filename>movie1_t1_z14.png</filename>
	<path>I:\for NN\Movies\marked_frames\movie1\movie1_t1_z14.png</path>
	<source>
		<database>Unknown</database>
	</source>
	<size>
		<width>256</width>
		<height>64</height>
		<depth>3</depth>
	</size>
	<segmented>0</segmented>
	<object>
		<name>nm</name>
		<pose>Unspecified</pose>
		<truncated>0</truncated>
		<difficult>0</difficult>
		<bndbox>
			<xmin>170</xmin>
			<ymin>27</ymin>
			<xmax>179</xmax>
			<ymax>36</ymax>
		</bndbox>
	</object>
	<object>
		<name>nm</name>
		<pose>Unspecified</pose>
		<truncated>0</truncated>
		<difficult>0</difficult>
		<bndbox>
			<xmin>148</xmin>
			<ymin>28</ymin>
			<xmax>159</xmax>
			<ymax>37</ymax>
		</bndbox>
	</object>
</annotation>
