<annotation>
	<folder>movie3</folder>
	<filename>movie3_t25_z44.png</filename>
	<path>I:\for NN\Movies\marked_frames\movie3\movie3_t25_z44.png</path>
	<source>
		<database>Unknown</database>
	</source>
	<size>
		<width>256</width>
		<height>64</height>
		<depth>3</depth>
	</size>
	<segmented>0</segmented>
	<object>
		<name>nm</name>
		<pose>Unspecified</pose>
		<truncated>0</truncated>
		<difficult>0</difficult>
		<bndbox>
			<xmin>46</xmin>
			<ymin>24</ymin>
			<xmax>55</xmax>
			<ymax>33</ymax>
		</bndbox>
	</object>
	<object>
		<name>nm</name>
		<pose>Unspecified</pose>
		<truncated>0</truncated>
		<difficult>0</difficult>
		<bndbox>
			<xmin>81</xmin>
			<ymin>23</ymin>
			<xmax>92</xmax>
			<ymax>33</ymax>
		</bndbox>
	</object>
	<object>
		<name>nm</name>
		<pose>Unspecified</pose>
		<truncated>0</truncated>
		<difficult>0</difficult>
		<bndbox>
			<xmin>138</xmin>
			<ymin>30</ymin>
			<xmax>155</xmax>
			<ymax>40</ymax>
		</bndbox>
	</object>
</annotation>
