<annotation>
	<folder>movie7</folder>
	<filename>movie7_t1_z8.png</filename>
	<path>I:\for NN\Movies\marked_frames\movie7\movie7_t1_z8.png</path>
	<source>
		<database>Unknown</database>
	</source>
	<size>
		<width>256</width>
		<height>64</height>
		<depth>3</depth>
	</size>
	<segmented>0</segmented>
	<object>
		<name>nm</name>
		<pose>Unspecified</pose>
		<truncated>0</truncated>
		<difficult>0</difficult>
		<bndbox>
			<xmin>145</xmin>
			<ymin>33</ymin>
			<xmax>155</xmax>
			<ymax>42</ymax>
		</bndbox>
	</object>
	<object>
		<name>nm</name>
		<pose>Unspecified</pose>
		<truncated>0</truncated>
		<difficult>0</difficult>
		<bndbox>
			<xmin>183</xmin>
			<ymin>38</ymin>
			<xmax>193</xmax>
			<ymax>47</ymax>
		</bndbox>
	</object>
	<object>
		<name>nm</name>
		<pose>Unspecified</pose>
		<truncated>0</truncated>
		<difficult>0</difficult>
		<bndbox>
			<xmin>119</xmin>
			<ymin>30</ymin>
			<xmax>128</xmax>
			<ymax>38</ymax>
		</bndbox>
	</object>
</annotation>
