<annotation>
	<folder>movie6</folder>
	<filename>movie6_t22_z12.png</filename>
	<path>I:\for NN\Movies\marked_frames\movie6\movie6_t22_z12.png</path>
	<source>
		<database>Unknown</database>
	</source>
	<size>
		<width>256</width>
		<height>64</height>
		<depth>3</depth>
	</size>
	<segmented>0</segmented>
	<object>
		<name>nm</name>
		<pose>Unspecified</pose>
		<truncated>0</truncated>
		<difficult>0</difficult>
		<bndbox>
			<xmin>153</xmin>
			<ymin>20</ymin>
			<xmax>162</xmax>
			<ymax>28</ymax>
		</bndbox>
	</object>
	<object>
		<name>nm</name>
		<pose>Unspecified</pose>
		<truncated>0</truncated>
		<difficult>0</difficult>
		<bndbox>
			<xmin>196</xmin>
			<ymin>13</ymin>
			<xmax>205</xmax>
			<ymax>21</ymax>
		</bndbox>
	</object>
</annotation>
