<annotation>
	<folder>movie6</folder>
	<filename>movie6_t4_z9.png</filename>
	<path>I:\for NN\Movies\marked_frames\movie6\movie6_t4_z9.png</path>
	<source>
		<database>Unknown</database>
	</source>
	<size>
		<width>256</width>
		<height>64</height>
		<depth>3</depth>
	</size>
	<segmented>0</segmented>
	<object>
		<name>nm</name>
		<pose>Unspecified</pose>
		<truncated>0</truncated>
		<difficult>0</difficult>
		<bndbox>
			<xmin>153</xmin>
			<ymin>19</ymin>
			<xmax>162</xmax>
			<ymax>28</ymax>
		</bndbox>
	</object>
	<object>
		<name>nm</name>
		<pose>Unspecified</pose>
		<truncated>0</truncated>
		<difficult>0</difficult>
		<bndbox>
			<xmin>183</xmin>
			<ymin>17</ymin>
			<xmax>191</xmax>
			<ymax>25</ymax>
		</bndbox>
	</object>
	<object>
		<name>nm</name>
		<pose>Unspecified</pose>
		<truncated>0</truncated>
		<difficult>0</difficult>
		<bndbox>
			<xmin>219</xmin>
			<ymin>9</ymin>
			<xmax>226</xmax>
			<ymax>16</ymax>
		</bndbox>
	</object>
</annotation>
