<annotation>
	<folder>movie6</folder>
	<filename>movie6_t13_z10.png</filename>
	<path>I:\for NN\Movies\marked_frames\movie6\movie6_t13_z10.png</path>
	<source>
		<database>Unknown</database>
	</source>
	<size>
		<width>256</width>
		<height>64</height>
		<depth>3</depth>
	</size>
	<segmented>0</segmented>
	<object>
		<name>nm</name>
		<pose>Unspecified</pose>
		<truncated>0</truncated>
		<difficult>0</difficult>
		<bndbox>
			<xmin>134</xmin>
			<ymin>20</ymin>
			<xmax>143</xmax>
			<ymax>28</ymax>
		</bndbox>
	</object>
	<object>
		<name>nm</name>
		<pose>Unspecified</pose>
		<truncated>0</truncated>
		<difficult>0</difficult>
		<bndbox>
			<xmin>168</xmin>
			<ymin>19</ymin>
			<xmax>176</xmax>
			<ymax>26</ymax>
		</bndbox>
	</object>
	<object>
		<name>nm</name>
		<pose>Unspecified</pose>
		<truncated>0</truncated>
		<difficult>0</difficult>
		<bndbox>
			<xmin>204</xmin>
			<ymin>11</ymin>
			<xmax>213</xmax>
			<ymax>16</ymax>
		</bndbox>
	</object>
</annotation>
